{
    "episodes": [
        {
            "episode": 1,
            "final_metrics": {
                "utilization": 27.818779808801764,
                "memory": 27.887060907986655,
                "cpu": 27.818779808801764,
                "disk": 31.91354905839521,
                "response_time": 0.04873091174175542,
                "power_consumption": 72.5324571651242,
                "cpu_utilization": 17.994253682558437,
                "ram_utilization": 32.78706090798666,
                "mtbf": 1024.5,
                "mttr": 28.529999999999998,
                "error_rate": 0.05,
                "rpm": 803.5094774751335,
                "latency": 51.979292881349096,
                "bandwidth": 1000.0,
                "disk_usage": 34.36354905839521,
                "disk_io": 928.9906913866442,
                "memory_utilization": 36.06576699878533,
                "load_average": 1.7994253682558436
            },
            "avg_metrics": {
                "utilization": 18.271521981364298,
                "memory": 17.172932036738686,
                "cpu": 18.271521981364298,
                "disk": 16.09457438953065,
                "response_time": 0.06830125132643708,
                "power_consumption": 61.5048424414164,
                "cpu_utilization": 19.79889594251648,
                "ram_utilization": 19.593464018927175,
                "mtbf": 1012.25,
                "mttr": 29.264999999999997,
                "error_rate": 0.05399999999999998,
                "rpm": 1079.5474792230443,
                "latency": 54.208620178644544,
                "bandwidth": 992.65,
                "disk_usage": 17.26870830455977,
                "disk_io": 1125.5939328389336,
                "memory_utilization": 21.552810420819903,
                "load_average": 2.0288895942516483
            }
        },
        {
            "episode": 2,
            "final_metrics": {
                "utilization": 9.171333414098234,
                "memory": 7.221904926236275,
                "cpu": 9.171333414098234,
                "disk": 9.535011697854335,
                "response_time": 0.04873091174175542,
                "power_consumption": 63.98490129930439,
                "cpu_utilization": 0,
                "ram_utilization": 0,
                "mtbf": 1025.0,
                "mttr": 28.5,
                "error_rate": 0.05,
                "rpm": 808.2151450673723,
                "latency": 42.05648958936766,
                "bandwidth": 1000.0,
                "disk_usage": 12.035011697854335,
                "disk_io": 1032.0697862169868,
                "memory_utilization": 0,
                "load_average": 0
            },
            "avg_metrics": {
                "utilization": 9.171333414098234,
                "memory": 7.221904926236275,
                "cpu": 9.171333414098234,
                "disk": 9.535011697854335,
                "response_time": 0.04873091174175542,
                "power_consumption": 63.98490129930439,
                "cpu_utilization": 0.0,
                "ram_utilization": 0.0,
                "mtbf": 1025.0,
                "mttr": 28.5,
                "error_rate": 0.05,
                "rpm": 808.2151450673723,
                "latency": 42.05648958936766,
                "bandwidth": 1000.0,
                "disk_usage": 12.035011697854335,
                "disk_io": 1032.0697862169868,
                "memory_utilization": 0.0,
                "load_average": 0.0
            }
        },
        {
            "episode": 3,
            "final_metrics": {
                "utilization": 9.171333414098234,
                "memory": 7.221904926236275,
                "cpu": 9.171333414098234,
                "disk": 9.535011697854335,
                "response_time": 0.04873091174175542,
                "power_consumption": 65.33680031843598,
                "cpu_utilization": 0,
                "ram_utilization": 0,
                "mtbf": 1025.0,
                "mttr": 28.5,
                "error_rate": 0.05,
                "rpm": 808.2151450673723,
                "latency": 49.16406234460165,
                "bandwidth": 1000.0,
                "disk_usage": 12.035011697854335,
                "disk_io": 944.9386630853079,
                "memory_utilization": 0,
                "load_average": 0
            },
            "avg_metrics": {
                "utilization": 9.171333414098234,
                "memory": 7.221904926236275,
                "cpu": 9.171333414098234,
                "disk": 9.535011697854335,
                "response_time": 0.04873091174175542,
                "power_consumption": 65.33680031843598,
                "cpu_utilization": 0.0,
                "ram_utilization": 0.0,
                "mtbf": 1025.0,
                "mttr": 28.5,
                "error_rate": 0.05,
                "rpm": 808.2151450673723,
                "latency": 49.16406234460165,
                "bandwidth": 1000.0,
                "disk_usage": 12.035011697854335,
                "disk_io": 944.9386630853079,
                "memory_utilization": 0.0,
                "load_average": 0.0
            }
        },
        {
            "episode": 4,
            "final_metrics": {
                "utilization": 9.171333414098234,
                "memory": 7.221904926236275,
                "cpu": 9.171333414098234,
                "disk": 9.535011697854335,
                "response_time": 0.04873091174175542,
                "power_consumption": 66.341949249803,
                "cpu_utilization": 0,
                "ram_utilization": 0,
                "mtbf": 1025.0,
                "mttr": 28.5,
                "error_rate": 0.05,
                "rpm": 808.2151450673723,
                "latency": 45.346468425404915,
                "bandwidth": 1000.0,
                "disk_usage": 12.035011697854335,
                "disk_io": 984.3004264703031,
                "memory_utilization": 0,
                "load_average": 0
            },
            "avg_metrics": {
                "utilization": 9.171333414098234,
                "memory": 7.221904926236275,
                "cpu": 9.171333414098234,
                "disk": 9.535011697854335,
                "response_time": 0.04873091174175542,
                "power_consumption": 66.341949249803,
                "cpu_utilization": 0.0,
                "ram_utilization": 0.0,
                "mtbf": 1025.0,
                "mttr": 28.5,
                "error_rate": 0.05,
                "rpm": 808.2151450673723,
                "latency": 45.346468425404915,
                "bandwidth": 1000.0,
                "disk_usage": 12.035011697854335,
                "disk_io": 984.3004264703031,
                "memory_utilization": 0.0,
                "load_average": 0.0
            }
        },
        {
            "episode": 5,
            "final_metrics": {
                "utilization": 9.171333414098234,
                "memory": 7.221904926236275,
                "cpu": 9.171333414098234,
                "disk": 9.535011697854335,
                "response_time": 0.04873091174175542,
                "power_consumption": 66.55318013394977,
                "cpu_utilization": 0,
                "ram_utilization": 0,
                "mtbf": 1025.0,
                "mttr": 28.5,
                "error_rate": 0.05,
                "rpm": 808.2151450673723,
                "latency": 46.03872102498448,
                "bandwidth": 1000.0,
                "disk_usage": 12.035011697854335,
                "disk_io": 928.2533102933381,
                "memory_utilization": 0,
                "load_average": 0
            },
            "avg_metrics": {
                "utilization": 9.171333414098234,
                "memory": 7.221904926236275,
                "cpu": 9.171333414098234,
                "disk": 9.535011697854335,
                "response_time": 0.04873091174175542,