{
    "normalized": {
        "R1": [
            0.021896327107338694,
            0.0916362008817984,
            0.13749578574230212,
            0.1890724490425803,
            0.25558156469807963,
            0.31427473734797473,
            0.3801029323355576,
            0.45056350536084055,
            0.5232943315359437,
            0.560749571058515,
            0.3625636892132669,
            0.42346250379951583,
            0.5038115812921825,
            0.5668794059514892,
            0.6183542773611707,
            0.6572028854570053,
            0.7137860613065871,
            0.7961014316861658,
            0.8488804799811932,
            0.9177390339914194,
            0.4379446747557061,
            0.4992342465315573,
            0.5500265600982632,
            0.606375055438485,
            0.6548992487630388,
            0.6962230812633916,
            0.7606992668147565,
            0.8149980693645363,
            0.860958935931066,
            0.9189197514028001,
            0.365665573586623,
            0.40979757896444136,
            0.44989179497981,
            0.5257948532200464,
            0.5797845561016712,
            0.6303566589850966,
            0.6772922626848901,
            0.7154639542407941,
            0.7561346289531192,
            0.8097686080554446,
            0.43977583133448683,
            0.5192743192607102,
            0.5676369558199922,
            0.6521865613333073,
            0.7162643084270817,
            0.7860712089706249,
            0.8389721556566716,
            0.8768827478295121,
            0.9312086848626591,
            1.0
        ],
        "R2": [
            0.024715029757569965,
            0.09057886411618193,
            0.1460198867780137,
            0.21065945001244188,
            0.2817525468449995,
            0.3473411337545061,
            0.42674258424465,
            0.5144295399306501,
            0.5967428375699941,
            0.6368304717180586,
            0.47491322289898047,
            0.5281570447473962,
            0.6110228543801894,
            0.6643474541755038,
            0.7165759945259095,
            0.7576452105329867,
            0.8162081975065615,
            0.8919371426882996,
            0.940818751682834,
            1.0,
            0.5503606847600719,
            0.5980396975492942,
            0.6307991743104405,
            0.6744724300231424,
            0.7016677012961002,
            0.7186481486253338,
            0.7753002768738201,
            0.809428696851444,
            0.8259471872803599,
            0.8663816800860213,
            0.3502963272794773,
            0.36832854014221544,
            0.3940239214160648,
            0.4410322500844242,
            0.46831479467257464,
            0.48532985972960585,
            0.5232490301726865,
            0.5516069525302131,
            0.579623111702634,
            0.6110143608032134,
            0.2748698138087916,
            0.3432952429887266,
            0.36354119472770346,
            0.4264166619452585,
            0.4786498328174497,
            0.5397816891922018,
            0.5793343269761653,
            0.604222702408353,
            0.6465582407229293,
            0.7107864755791405
        ],
        "R": [
            0.024250974793113184,
            0.09560468121466462,
            0.14807998437779346,
            0.20814433802784832,
            0.2799841833984162,
            0.3446867214219897,
            0.4199287884383525,
            0.5017011056900268,
            0.5823538078108657,
            0.6228343975045083,
            0.43162615234771795,
            0.49197880953148126,
            0.5773845035121385,
            0.639055353095045,
            0.6933765173658316,
            0.7351296210070554,
            0.795368760201627,
            0.8786679139681471,
            0.9322268625389979,
            1.0,
            0.5107003698194087,
            0.5687356910823317,
            0.6137387075801239,
            0.6670211504106338,
            0.708136545769787,
            0.7403213758915801,
            0.8043478145083262,
            0.8520489100142025,
            0.8867612389922901,
            0.9395130128269272,
            0.3763957635905756,
            0.41072095012847576,
            0.44617006988883673,
            0.5125302633542722,
            0.5569140213667194,
            0.5945775266640152,
            0.639665085337306,
            0.6751977862245301,
            0.7120501065263516,
            0.7581051374836493,
            0.3856335185710973,
            0.4639244670735285,
            0.5017623089301544,
            0.5804955295663742,
            0.6422631560253835,
            0.7114896605459139,
            0.7608488355578785,
            0.7946385878015727,
            0.8461137870956799,
            0.9161582449833167
        ],
        "time": [
            0,
            1,
            2,
            3,
            4,
            5,
            6,
            7,
            8,
            9,
            10,
            11,
            12,
            13,
            14,
            15,
            16,
            17,
            18,
            19,
            20,
            21,
            22,
            23,
            24,
            25,
            26,
            27,
            28,
            29,
            30,
            31,
            32,
            33,
            34,
            35,
            36,
            37,
            38,
            39,
            40,
            41,
            42,
            43,
            44,
            45,
            46,
            47,
            48,
            49
        ]
    },
    "original": {
        "R1": [
            0.01412589287336942,
            0.0591169080838678,
            0.08870212480907615,
            0.12197557825056177,
            0.16488234696325793,
            0.20274684657482603,
            0.2452143355689146,
            0.29067029270145955,
            0.3375908494735962,
            0.36175420337530634,
            0.233899311445877,
            0.2731867283146276,
            0.3250220181133018,
            0.36570872006685573,
            0.3989165048994053,
            0.4239787572831555,
            0.4604820428144686,
            0.5135858395431876,
            0.5476349829688936,
            0.5920574357663573,
            0.2825295552873029,
            0.3220690598314322,
            0.35483650876095635,
            0.39118839576235004,
            0.42249262104676233,
            0.44915170538339527,
            0.4907469777556652,
            0.5257765543696059,
            0.5554271105703501,
            0.5928191474262683,
            0.23590041812229856,
            0.26437112817325903,
            0.29023695477963124,
            0.3392040013626787,
            0.3740341697024305,
            0.4066595549650052,
            0.4369389395649911,
            0.4615644953977444,
            0.4878022105751638,
            0.5224028922081149,
            0.28371088225321,
            0.33499743449257197,
            0.3661974352854515,
            0.4207425954902625,
            0.4620808248004259,
            0.5071150807313922,
            0.5412428639949364,
            0.5656999777918919,
            0.6007470595702074,
            0.6451261348134973
        ],