Number of Tasks,Our Algorithm,FCFS,EDF,RR,MOABCQ,Improvement vs FCFS,Improvement vs EDF,Improvement vs RR,Improvement vs MOABCQ
50,64.23845226,40.56,38.24,42.15,39.87,-58.38,-67.99,-52.4,-61.12
100,66.19169561,82.5,69.7,73.9,71.43,19.77,5.03,10.43,7.33
200,73.37537626,87.45,89.12,82.34,74.67,16.09,17.67,10.89,1.73
500,74.26527879,95.7,114.2,90.8,80.18,22.4,34.97,18.21,7.38
1000,86.00054108,113.9,131.25,120.56,114.76,24.49,34.48,28.67,25.06
